TRIAL_STORE,TRIAL_TOTAL_SALES,AVG_CONTROL_SALES,SALES_UPLIFT_PERCENT
77,3040.00,3019.550000,0.68
86,10635.35,10624.150000,0.11
88,16333.25,15690.916667,4.09
